{
    "loss": [
        0.5609070062637329,
        0.4519590437412262,
        0.42613252997398376,
        0.41807821393013,
        0.41148704290390015,
        0.4104958772659302,
        0.40730100870132446,
        0.39884957671165466,
        0.39642518758773804,
        0.39631569385528564,
        0.39094802737236023,
        0.3926429748535156,
        0.3908800184726715,
        0.3871046304702759,
        0.3839704394340515,
        0.38407766819000244,
        0.3828482925891876,
        0.3841770589351654,
        0.38184812664985657,
        0.37938687205314636,
        0.3785038888454437,
        0.3786027133464813,
        0.3816848695278168,
        0.37256738543510437,
        0.37688103318214417,
        0.3726001977920532,
        0.3706589341163635,
        0.37208786606788635,
        0.3712191879749298,
        0.37190455198287964,
        0.36934539675712585,
        0.37050238251686096,
        0.3673882782459259,
        0.3640700876712799,
        0.36739930510520935,
        0.3653656244277954,
        0.3645276725292206,
        0.36414071917533875,
        0.3602447509765625,
        0.36317741870880127,
        0.3607192635536194,
        0.3615003228187561,
        0.35737499594688416,
        0.3594413101673126,
        0.35561609268188477,
        0.3558748960494995
    ],
    "mse": [
        0.8072859048843384,
        0.650482714176178,
        0.6133117079734802,
        0.6017195582389832,
        0.5922335386276245,
        0.5908067226409912,
        0.586207926273346,
        0.5740441083908081,
        0.5705555081367493,
        0.5703974366188049,
        0.5626727342605591,
        0.5651118755340576,
        0.5625743865966797,
        0.5571407079696655,
        0.5526297688484192,
        0.5527845621109009,
        0.5510147213935852,
        0.5529271960258484,
        0.5495754480361938,
        0.5460329055786133,
        0.5447620749473572,
        0.5449041724205017,
        0.5493404865264893,
        0.5362184047698975,
        0.5424262285232544,
        0.5362653732299805,
        0.533471405506134,
        0.5355275273323059,
        0.5342776775360107,
        0.5352638363838196,
        0.531580924987793,
        0.5332457423210144,
        0.5287644267082214,
        0.5239887237548828,
        0.528779923915863,
        0.5258530378341675,
        0.5246462225914001,
        0.5240895748138428,
        0.5184825658798218,
        0.522703230381012,
        0.5191655158996582,
        0.520289421081543,
        0.5143520832061768,
        0.5173267722129822,
        0.5118208527565002,
        0.5121932625770569
    ],
    "mae": [
        0.6760703325271606,
        0.6018397808074951,
        0.5845355987548828,
        0.5779960751533508,
        0.5736214518547058,
        0.5715500116348267,
        0.5696564316749573,
        0.5637570023536682,
        0.5606425404548645,
        0.562099039554596,
        0.5583541393280029,
        0.5593556761741638,
        0.5574356317520142,
        0.5542504787445068,
        0.5527294278144836,
        0.5510693788528442,
        0.5510930418968201,
        0.5508437752723694,
        0.5496938228607178,
        0.5479665398597717,
        0.5476813316345215,
        0.5486692786216736,
        0.5499933958053589,
        0.5428974628448486,
        0.5472894310951233,
        0.5418526530265808,
        0.5413602590560913,
        0.5430873036384583,
        0.5414491891860962,
        0.5429751873016357,
        0.5412536263465881,
        0.5416761040687561,
        0.5393989086151123,
        0.5372451543807983,
        0.5389094948768616,
        0.538175642490387,
        0.5359445214271545,
        0.5357687473297119,
        0.5346448421478271,
        0.5359306931495667,
        0.5332430005073547,
        0.5355037450790405,
        0.5310519337654114,
        0.5310456156730652,
        0.5300992131233215,
        0.5288320183753967
    ],
    "val_loss": [
        0.4327302575111389,
        0.42902877926826477,
        0.389194130897522,
        0.39691901206970215,
        0.4139458239078522,
        0.39050060510635376,
        0.4232722222805023,
        0.3797500729560852,
        0.4019317328929901,
        0.3961498439311981,
        0.3692014217376709,
        0.36884480714797974,
        0.3619449734687805,
        0.36400049924850464,
        0.3637929856777191,
        0.3684568405151367,
        0.4081336259841919,
        0.37390419840812683,
        0.3547930419445038,
        0.36401572823524475,
        0.3771897554397583,
        0.3597888946533203,
        0.36530208587646484,
        0.38151293992996216,
        0.3743734359741211,
        0.35760262608528137,
        0.3546607494354248,
        0.3673350214958191,
        0.37006881833076477,
        0.35947489738464355,
        0.3609142005443573,
        0.3622153401374817,
        0.38113757967948914,
        0.3743266761302948,
        0.36624404788017273,
        0.35170990228652954,
        0.3668001890182495,
        0.36454132199287415,
        0.36663562059402466,
        0.3542734384536743,
        0.3607122600078583,
        0.3629094064235687,
        0.3670732378959656,
        0.3652215600013733,
        0.37627553939819336,
        0.36111515760421753
    ],
    "val_mse": [
        0.621177613735199,
        0.6158642172813416,
        0.5586822032928467,
        0.5697711110115051,
        0.5942128896713257,
        0.5605576038360596,
        0.607600748538971,
        0.5451253652572632,
        0.5769668221473694,
        0.5686670541763306,
        0.5299829840660095,
        0.5294710397720337,
        0.5195664763450623,
        0.5225170850753784,
        0.5222192406654358,
        0.5289140939712524,
        0.585869550704956,
        0.5367336869239807,
        0.5092999935150146,
        0.522538959980011,
        0.5414500832557678,
        0.5164713859558105,
        0.5243855118751526,
        0.5476559400558472,
        0.5374073386192322,
        0.5133330821990967,
        0.5091100931167603,
        0.5273037552833557,
        0.5312281250953674,
        0.5160207152366638,
        0.5180867910385132,
        0.5199545621871948,
        0.5471171736717224,
        0.5373401641845703,
        0.5257377028465271,
        0.5048741698265076,
        0.5265360474586487,
        0.5232934355735779,
        0.5262998342514038,
        0.5085541009902954,
        0.5177969336509705,
        0.5209509134292603,
        0.5269280076026917,
        0.5242699384689331,
        0.540137767791748,
        0.5183752775192261
    ],
    "val_mae": [
        0.565026044845581,
        0.5567578673362732,
        0.5356831550598145,
        0.5463739633560181,
        0.5515895485877991,
        0.5308607220649719,
        0.5562354326248169,
        0.5357109904289246,
        0.5442429184913635,
        0.5431527495384216,
        0.5253796577453613,
        0.5262859463691711,
        0.5270717144012451,
        0.5307220816612244,
        0.5323718190193176,
        0.5388510823249817,
        0.5539910197257996,
        0.5297570824623108,
        0.5193228721618652,
        0.5243213176727295,
        0.5335955619812012,
        0.5275231599807739,
        0.5257636904716492,
        0.5369412899017334,
        0.5271456241607666,
        0.5230791568756104,
        0.5189342498779297,
        0.5336400866508484,
        0.5269932150840759,
        0.5215641260147095,
        0.5162240862846375,
        0.5260835289955139,
        0.5382336378097534,
        0.5300731658935547,
        0.5295543074607849,
        0.5123906135559082,
        0.5255974531173706,
        0.5324724316596985,
        0.5350287556648254,
        0.5223516821861267,
        0.5208418965339661,
        0.5244881510734558,
        0.5239086151123047,
        0.5350139141082764,
        0.5237439870834351,
        0.5230673551559448
    ]
}