{"loss": [10059.45703125, 5497.1396484375, 5317.56884765625, 5237.59130859375, 5172.9033203125, 5109.72216796875, 5004.45068359375, 4950.3583984375, 4796.287109375, 4732.24560546875, 4683.6845703125, 4609.34765625, 4518.62451171875, 4395.21484375, 4270.50390625, 4266.029296875, 4166.9736328125, 4108.86181640625, 4073.05078125, 4001.421142578125, 3965.411865234375, 3910.440673828125, 3835.66259765625, 3820.10302734375, 3770.296875, 3732.091064453125, 3687.251220703125, 3674.2109375, 3641.837158203125, 3572.114013671875, 3546.721435546875, 3495.669189453125, 3467.4384765625, 3455.68505859375, 3402.896240234375, 3393.668212890625, 3342.19970703125, 3308.012451171875, 3279.4521484375, 3268.133544921875, 3216.092529296875, 3209.995361328125, 3168.53857421875, 3136.69921875, 3127.394775390625, 3088.16796875, 3049.9287109375, 3010.76708984375, 2975.792724609375, 2942.961669921875, 2931.738525390625, 2900.2158203125, 2888.964599609375, 2878.556396484375, 2847.014404296875, 2838.51171875, 2816.0849609375, 2801.6455078125, 2792.04345703125, 2778.18017578125, 2758.597900390625, 2745.87939453125, 2725.642333984375, 2725.39013671875, 2707.66357421875, 2697.4658203125, 2701.189208984375, 2686.76123046875, 2685.452880859375, 2673.21435546875, 2668.000732421875, 2651.4443359375, 2632.88427734375, 2631.14453125, 2637.391357421875, 2632.388916015625, 2622.8125, 2626.88427734375, 2617.09814453125, 2602.78564453125, 2595.268310546875, 2594.098388671875, 2608.305908203125, 2595.35009765625, 2590.945556640625, 2578.930908203125, 2580.111572265625, 2584.094482421875], "mean_squared_error": [5989.78515625, 3175.740234375, 3073.073486328125, 3011.693603515625, 2971.530029296875, 2926.7333984375, 2877.9189453125, 2835.367431640625, 2749.411376953125, 2706.789306640625, 2676.622314453125, 2631.837646484375, 2580.80224609375, 2503.71337890625, 2432.616455078125, 2429.9921875, 2361.76416015625, 2335.697998046875, 2305.109375, 2275.738525390625, 2248.3134765625, 2215.39306640625, 2177.541748046875, 2164.7958984375, 2133.010498046875, 2106.43359375, 2075.593994140625, 2069.006103515625, 2045.209228515625, 2003.7677001953125, 1995.939697265625, 1964.6400146484375, 1947.53759765625, 1932.919921875, 1912.007080078125, 1898.9285888671875, 1868.5947265625, 1850.760009765625, 1829.1409912109375, 1822.125244140625, 1801.3853759765625, 1788.202392578125, 1765.9703369140625, 1742.61328125, 1737.553955078125, 1714.372802734375, 1689.29248046875, 1666.7379150390625, 1646.7579345703125, 1626.143798828125, 1615.4141845703125, 1597.6580810546875, 1589.8753662109375, 1582.15478515625, 1563.0330810546875, 1557.005859375, 1543.673095703125, 1530.3253173828125, 1523.9508056640625, 1513.6854248046875, 1504.10693359375, 1494.1593017578125, 1481.955322265625, 1476.791748046875, 1466.59521484375, 1460.5147705078125, 1460.5841064453125, 1453.37353515625, 1451.4635009765625, 1439.1168212890625, 1434.422119140625, 1427.5643310546875, 1414.6588134765625, 1415.267578125, 1412.6751708984375, 1406.5980224609375, 1401.6429443359375, 1401.547119140625, 1397.4014892578125, 1388.3609619140625, 1382.8477783203125, 1382.858642578125, 1385.7684326171875, 1377.7987060546875, 1376.2747802734375, 1367.0216064453125, 1370.2255859375, 1367.917236328125], "mean_absolute_error": [54.0342903137207, 41.49474334716797, 40.81714630126953, 40.41516876220703, 40.057498931884766, 39.714115142822266, 39.329620361328125, 39.00699234008789, 38.477230072021484, 38.109535217285156, 37.88652420043945, 37.381591796875, 37.04110336303711, 36.52420425415039, 35.88069534301758, 35.60779571533203, 35.1878547668457, 35.02182388305664, 34.686500549316406, 34.36144256591797, 34.11164474487305, 33.93008804321289, 33.55756378173828, 33.28959274291992, 33.07892990112305, 32.870670318603516, 32.50374984741211, 32.36968231201172, 32.15610885620117, 31.805341720581055, 31.6561336517334, 31.419944763183594, 31.182096481323242, 30.984115600585938, 30.755714416503906, 30.600765228271484, 30.324478149414062, 30.145952224731445, 29.91900062561035, 29.789443969726562, 29.58301544189453, 29.424230575561523, 29.234304428100586, 28.998872756958008, 28.897480010986328, 28.73056983947754, 28.518564224243164, 28.330650329589844, 28.151546478271484, 27.93238639831543, 27.782638549804688, 27.601783752441406, 27.473674774169922, 27.36187744140625, 27.191112518310547, 27.10259437561035, 26.934465408325195, 26.770591735839844, 26.693525314331055, 26.59253692626953, 26.50366973876953, 26.376976013183594, 26.251747131347656, 26.217504501342773, 26.068029403686523, 25.929113388061523, 25.9323787689209, 25.892900466918945, 25.803478240966797, 25.665063858032227, 25.60826301574707, 25.556819915771484, 25.417734146118164, 25.397581100463867, 25.391653060913086, 25.3211612701416, 25.2265625, 25.21181297302246, 25.1734619140625, 25.075288772583008, 25.056583404541016, 25.012958526611328, 24.996313095092773, 24.948217391967773, 24.95589256286621, 24.83432960510254, 24.846437454223633, 24.831592559814453], "val_loss": [3743.7333984375, 3526.049072265625, 3331.83642578125, 3317.902587890625, 3268.8623046875, 3348.027099609375, 3254.392578125, 3147.22314453125, 3043.370849609375, 3024.34912109375, 3042.286376953125, 2972.970458984375, 2943.76025390625, 2841.24267578125, 2959.451416015625, 2794.787353515625, 2863.114501953125, 2685.916259765625, 2725.609375, 2665.004638671875, 2720.572021484375, 2672.482177734375, 2655.88916015625, 2694.412109375, 2758.47314453125, 2695.364501953125, 2602.8037109375, 2670.632568359375, 2603.087646484375, 2622.266357421875, 2631.322509765625, 2644.845703125, 2608.48681640625, 2614.642822265625, 2593.583740234375, 2607.235595703125, 2595.67626953125, 2579.36083984375, 2541.2333984375, 2553.765625, 2539.0556640625, 2558.534423828125, 2513.98291015625, 2543.651611328125, 2544.451904296875, 2509.6142578125, 2571.419921875, 2498.524658203125, 2558.7470703125, 2502.862060546875, 2517.64892578125, 2473.84765625, 2458.503173828125, 2422.30517578125, 2550.24365234375, 2442.563720703125, 2449.2177734375, 2481.181396484375, 2452.892822265625, 2429.638916015625, 2450.31005859375, 2441.468994140625, 2439.236328125, 2403.274658203125, 2443.109619140625, 2491.622802734375, 2404.407470703125, 2457.750244140625, 2415.22509765625, 2446.781494140625, 2408.19384765625, 2408.7099609375, 2399.932861328125, 2477.74462890625, 2415.63037109375, 2456.85009765625, 2389.498779296875, 2388.955810546875, 2416.97998046875, 2411.194091796875, 2408.98974609375, 2415.920654296875, 2414.420166015625, 2444.25146484375, 2401.8955078125, 2468.97412109375, 2401.630859375, 2389.21142578125],